<Camera_Speed>6.199999809</Camera_Speed>
<Cam_Roll_Speed>0.680000007</Cam_Roll_Speed>
<Reset_Camera>0</Reset_Camera>
<Lock_to_Track>0</Lock_to_Track>
<Set_Camera_Point>0</Set_Camera_Point>
<Draw_Pointcloud>0</Draw_Pointcloud>
<Draw_Wireframe>0</Draw_Wireframe>
<Draw_Mesh>1</Draw_Mesh>
<Self_Occlude>0</Self_Occlude>
<Draw_DOF>0</Draw_DOF>
<Frame_Width>1280</Frame_Width>
<Frame_Height>720</Frame_Height>
<Apply_Custom_Size>0</Apply_Custom_Size>
<720p>
<720p>
<720p>
<720p>0</720p>
<1080p>1</1080p>
<Mirror>0</Mirror>
<Fill_Holes>1</Fill_Holes>
<Hole_Kernel_Size>3</Hole_Kernel_Size>
<Hole_Fill_Iterations>2</Hole_Fill_Iterations>
<Temporal_Alignment>0</Temporal_Alignment>
<Set_Color-Depth_Time>0</Set_Color-Depth_Time>
<Export_.obj_Files>0</Export_.obj_Files>
<Start_Sequence_at_1>0</Start_Sequence_at_1>
